install chrome on my system,sudo apt install google-chrome-stable 
can you help me get chrome,sudo apt install google-chrome-stable 
i need chrome on my computer,sudo apt install google-chrome-stable 
download and install chrome,sudo apt install google-chrome-stable 
how do i install chrome,sudo apt install google-chrome-stable 
please add chrome to my system,sudo apt install google-chrome-stable 
i want to use chrome can you install it,sudo apt install google-chrome-stable 
install the latest version of chrome,sudo apt install google-chrome-stable 
update chrome to the newest version,sudo apt upgrade google-chrome-stable 
upgrade my chrome installation,sudo apt upgrade google-chrome-stable 
is there a new version of chrome available,sudo apt upgrade google-chrome-stable 
make sure chrome is up to date,sudo apt upgrade google-chrome-stable 
check for chrome updates,sudo apt upgrade google-chrome-stable 
i want the latest features in chrome,sudo apt upgrade google-chrome-stable 
update chrome if possible,sudo apt upgrade google-chrome-stable 
can you update chrome for me,sudo apt upgrade google-chrome-stable 
uninstall chrome from my system,sudo apt remove google-chrome-stable 
remove chrome completely,sudo apt remove google-chrome-stable 
i don't need chrome anymore please remove it,sudo apt remove google-chrome-stable 
how do i uninstall chrome,sudo apt remove google-chrome-stable 
delete chrome from my computer,sudo apt remove google-chrome-stable 
can you help me remove chrome,sudo apt remove google-chrome-stable 
uninstall chrome and remove all its files,sudo apt remove google-chrome-stable 
completely remove chrome from my machine,sudo apt remove google-chrome-stable
install libreoffice on my system,sudo apt install libreoffice 
can you help me get libreoffice,sudo apt install libreoffice 
i need libreoffice on my computer,sudo apt install libreoffice 
download and install libreoffice,sudo apt install libreoffice 
how do i install libreoffice,sudo apt install libreoffice 
please add libreoffice to my system,sudo apt install libreoffice 
i want to use libreoffice can you install it,sudo apt install libreoffice 
install the latest version of libreoffice,sudo apt install libreoffice 
update libreoffice to the newest version,sudo apt upgrade libreoffice 
upgrade my libreoffice installation,sudo apt upgrade libreoffice 
is there a new version of libreoffice available,sudo apt upgrade libreoffice 
make sure libreoffice is up to date,sudo apt upgrade libreoffice 
check for libreoffice updates,sudo apt upgrade libreoffice 
i want the latest features in libreoffice,sudo apt upgrade libreoffice 
update libreoffice if possible,sudo apt upgrade libreoffice 
can you update libreoffice for me,sudo apt upgrade libreoffice 
uninstall libreoffice from my system,sudo apt remove libreoffice* 
remove libreoffice completely,sudo apt remove libreoffice* 
i don't need libreoffice anymore please remove it,sudo apt remove libreoffice* 
how do i uninstall libreoffice,sudo apt remove libreoffice* 
delete libreoffice from my computer,sudo apt remove libreoffice* 
can you help me remove libreoffice,sudo apt remove libreoffice* 
uninstall libreoffice and remove all its files,sudo apt remove libreoffice* 
completely remove libreoffice from my machine,sudo apt remove libreoffice* 
install mongodb on my system,sudo apt install mongodb 
can you help me get mongodb,sudo apt install mongodb 
i need mongodb on my computer,sudo apt install mongodb 
download and install mongodb,sudo apt install mongodb 
how do i install mongodb,sudo apt install mongodb 
please add mongodb to my system,sudo apt install mongodb 
i want to use mongodb can you install it,sudo apt install mongodb 
install the latest version of mongodb,sudo apt install mongodb 
update mongodb to the newest version,sudo apt upgrade mongodb 
upgrade my mongodb installation,sudo apt upgrade mongodb 
is there a new version of mongodb available,sudo apt upgrade mongodb 
make sure mongodb is up to date,sudo apt upgrade mongodb 
check for mongodb updates,sudo apt upgrade mongodb 
i want the latest features in mongodb,sudo apt upgrade mongodb 
update mongodb if possible,sudo apt upgrade mongodb 
can you update mongodb for me,sudo apt upgrade mongodb 
uninstall mongodb from my system,sudo apt remove mongodb 
remove mongodb completely,sudo apt remove mongodb 
i don't need mongodb anymore please remove it,sudo apt remove mongodb 
how do i uninstall mongodb,sudo apt remove mongodb 
delete mongodb from my computer,sudo apt remove mongodb 
can you help me remove mongodb,sudo apt remove mongodb 
uninstall mongodb and remove all its files,sudo apt remove mongodb 
completely remove mongodb from my machine,sudo apt remove mongodb 
install python on my system,sudo apt install python3 
can you help me get python,sudo apt install python3 
i need python on my computer,sudo apt install python3 
download and install python,sudo apt install python3 
how do i install python,sudo apt install python3 
please add python to my system,sudo apt install python3 
i want to use python can you install it,sudo apt install python3 
install the latest version of python,sudo apt install python3 
update python to the newest version,sudo apt upgrade python3 
upgrade my python installation,sudo apt upgrade python3 
is there a new version of python available,sudo apt upgrade python3 
make sure python is up to date,sudo apt upgrade python3 
check for python updates,sudo apt upgrade python3 
i want the latest features in python,sudo apt upgrade python3 
update python if possible,sudo apt upgrade python3 
can you update python for me,sudo apt upgrade python3 
uninstall python from my system,sudo apt remove python3 
remove python completely,sudo apt remove python3 
i don't need python anymore please remove it,sudo apt remove python3 
how do i uninstall python,sudo apt remove python3 
delete python from my computer,sudo apt remove python3 
can you help me remove python,sudo apt remove python3 
uninstall python and remove all its files,sudo apt remove python3 
completely remove python from my machine,sudo apt remove python3 
install java on my system,sudo apt install default-jdk 
can you help me get java,sudo apt install default-jdk 
i need java on my computer,sudo apt install default-jdk 
download and install java,sudo apt install default-jdk 
how do i install java,sudo apt install default-jdk 
please add java to my system,sudo apt install default-jdk 
i want to use java can you install it,sudo apt install default-jdk 
install the latest version of java,sudo apt install default-jdk 
update java to the newest version,sudo apt update && sudo apt upgrade default-jdk 
upgrade my java installation,sudo apt update && sudo apt upgrade default-jdk 
is there a new version of java available,sudo apt update && sudo apt upgrade default-jdk 
make sure java is up to date,sudo apt update && sudo apt upgrade default-jdk 
check for java updates,sudo apt update && sudo apt upgrade default-jdk 
i want the latest features in java,sudo apt update && sudo apt upgrade default-jdk 
update java if possible,sudo apt update && sudo apt upgrade default-jdk 
can you update java for me,sudo apt update && sudo apt upgrade default-jdk 
uninstall java from my system,sudo apt remove default-jdk 
remove java completely,sudo apt remove default-jdk 
i don't need java anymore please remove it,sudo apt remove default-jdk 
how do i uninstall java,sudo apt remove default-jdk 
delete java from my computer,sudo apt remove default-jdk 
can you help me remove java,sudo apt remove default-jdk 
uninstall java and remove all its files,sudo apt remove default-jdk 
completely remove java from my machine,sudo apt remove default-jdk 
install sqlite on my system,sudo apt install sqlite3 
can you help me get sqlite,sudo apt install sqlite3 
i need sqlite on my computer,sudo apt install sqlite3 
download and install sqlite,sudo apt install sqlite3 
how do i install sqlite,sudo apt install sqlite3 
please add sqlite to my system,sudo apt install sqlite3 
i want to use sqlite can you install it,sudo apt install sqlite3 
install the latest version of sqlite,sudo apt install sqlite3 
update sqlite to the newest version,sudo apt upgrade sqlite3 
upgrade my sqlite installation,sudo apt upgrade sqlite3 
is there a new version of sqlite available,sudo apt upgrade sqlite3 
make sure sqlite is up to date,sudo apt upgrade sqlite3 
check for sqlite updates,sudo apt upgrade sqlite3 
i want the latest features in sqlite,sudo apt upgrade sqlite3 
update sqlite if possible,sudo apt upgrade sqlite3 
can you update sqlite for me,sudo apt upgrade sqlite3 
uninstall sqlite from my system,sudo apt remove sqlite3 
remove sqlite completely,sudo apt remove sqlite3 
i don't need sqlite anymore please remove it,sudo apt remove sqlite3 
how do i uninstall sqlite,sudo apt remove sqlite3 
delete sqlite from my computer,sudo apt remove sqlite3 
can you help me remove sqlite,sudo apt remove sqlite3 
uninstall sqlite and remove all its files,sudo apt remove sqlite3 
completely remove sqlite from my machine,sudo apt remove sqlite3 
install c compiler on my system,sudo apt install build-essential 
can you help me get c compiler,sudo apt install build-essential 
i need c compiler on my computer,sudo apt install build-essential 
download and install c compiler,sudo apt install build-essential 
how do i install c compiler,sudo apt install build-essential 
please add c compiler to my system,sudo apt install build-essential 
i want to use c can you install the compiler,sudo apt install build-essential 
install the latest version of c compiler,sudo apt install build-essential 
update c compiler to the newest version,sudo apt upgrade build-essential 
upgrade my c compiler installation,sudo apt upgrade build-essential 
is there a new version of c compiler available,sudo apt upgrade build-essential 
make sure c compiler is up to date,sudo apt upgrade build-essential 
check for c compiler updates,sudo apt upgrade build-essential 
i want the latest features in c compiler,sudo apt upgrade build-essential 
update c compiler if possible,sudo apt upgrade build-essential 
can you update c compiler for me,sudo apt upgrade build-essential 
uninstall c compiler from my system,sudo apt remove build-essential 
remove c compiler completely,sudo apt remove build-essential 
i don't need c compiler anymore please remove it,sudo apt remove build-essential 
how do i uninstall c compiler,sudo apt remove build-essential 
delete c compiler from my computer,sudo apt remove build-essential 
can you help me remove c compiler,sudo apt remove build-essential 
uninstall c compiler and remove all its files,sudo apt remove build-essential 
completely remove c compiler from my machine,sudo apt remove build-essential 
install gimp on my system,sudo apt-get install gimp 
can you set up gimp for me,sudo apt-get install gimp 
i need gimp installed on my computer,sudo apt-get install gimp 
please add gimp to my ubuntu,sudo apt-get install gimp 
how do i get gimp running on my machine,sudo apt-get install gimp 
i want to start using gimp can you install it,sudo apt-get install gimp 
install the latest version of gimp,sudo apt-get install gimp 
download and install gimp for me,sudo apt-get install gimp 
update gimp to the latest version,sudo apt-get upgrade gimp 
upgrade my gimp installation,sudo apt-get upgrade gimp 
check for gimp updates and install them,sudo apt-get upgrade gimp 
i need the newest version of gimp,sudo apt-get upgrade gimp 
can you update gimp for me,sudo apt-get upgrade gimp 
make sure i have the latest gimp release,sudo apt-get upgrade gimp 
update all gimp components,sudo apt-get upgrade gimp 
upgrade gimp to its latest stable release,sudo apt-get upgrade gimp 
remove gimp from my system,sudo apt-get remove gimp
uninstall gimp completely,sudo apt-get remove gimp
i want to delete gimp,sudo apt-get remove gimp
help me remove gimp from my computer,sudo apt-get remove gimp
how do i uninstall gimp,sudo apt-get remove gimp
remove all gimp components from my system,sudo apt-get remove gimp
uninstall gimp and clean up related files,sudo apt-get remove gimp
completely remove gimp from my machine,sudo apt-get remove gimp
install obs studio on my system,sudo apt-get install obs-studio 
can you set up obs studio for me,sudo apt-get install obs-studio 
i need obs studio installed on my computer,sudo apt-get install obs-studio 
please add obs studio to my ubuntu,sudo apt-get install obs-studio 
how do i get obs studio running on my machine,sudo apt-get install obs-studio 
i want to start using obs studio can you install it,sudo apt-get install obs-studio 
install the latest version of obs studio,sudo apt-get install obs-studio 
download and install obs studio for me,sudo apt-get install obs-studio 
update obs studio to the latest version,sudo apt-get upgrade obs-studio 
upgrade my obs studio installation,sudo apt-get upgrade obs-studio 
check for obs studio updates and install them,sudo apt-get upgrade obs-studio 
i need the newest version of obs studio,sudo apt-get upgrade obs-studio 
can you update obs studio for me,sudo apt-get upgrade obs-studio 
update all obs studio components,sudo apt-get upgrade obs-studio 
get the most recent obs studio version,sudo apt-get upgrade obs-studio 
upgrade obs studio to its latest stable release,sudo apt-get upgrade obs-studio 
remove obs studio from my system,sudo apt-get remove obs-studio
uninstall obs studio completely,sudo apt-get remove obs-studio
i want to delete obs studio,sudo apt-get remove obs-studio
help me remove obs studio from my computer,sudo apt-get remove obs-studio
how do i uninstall obs studio,sudo apt-get remove obs-studio
remove all obs studio components from my system,sudo apt-get remove obs-studio
uninstall obs studio and clean up related files,sudo apt-get remove obs-studio
completely remove obs studio from my machine,sudo apt-get remove obs-studio
install kdenlive on my system,sudo apt-get install kdenlive 
can you set up kdenlive for me,sudo apt-get install kdenlive 
i need kdenlive installed on my computer,sudo apt-get install kdenlive 
please add kdenlive to my ubuntu,sudo apt-get install kdenlive 
how do i get kdenlive running on my machine,sudo apt-get install kdenlive 
i want to start using kdenlive can you install it,sudo apt-get install kdenlive 
install the latest version of kdenlive,sudo apt-get install kdenlive 
download and install kdenlive for me,sudo apt-get install kdenlive 
update kdenlive to the latest version,sudo apt-get upgrade kdenlive 
upgrade my kdenlive installation,sudo apt-get upgrade kdenlive 
check for kdenlive updates and install them,sudo apt-get upgrade kdenlive 
i need the newest version of kdenlive,sudo apt-get upgrade kdenlive 
can you update kdenlive for me,sudo apt-get upgrade kdenlive 
make sure i have the latest kdenlive release,sudo apt-get upgrade kdenlive 
update all kdenlive components,sudo apt-get upgrade kdenlive 
upgrade kdenlive to its latest stable release,sudo apt-get upgrade kdenlive 
remove kdenlive from my system,sudo apt-get remove kdenlive
uninstall kdenlive completely,sudo apt-get remove kdenlive
i want to delete kdenlive,sudo apt-get remove kdenlive
help me remove kdenlive from my computer,sudo apt-get remove kdenlive
how do i uninstall kdenlive,sudo apt-get remove kdenlive
remove all kdenlive components from my system,sudo apt-get remove kdenlive
uninstall kdenlive and clean up related files,sudo apt-get remove kdenlive
completely remove kdenlive from my machine,sudo apt-get remove kdenlive && sudo apt-get autoremove
how do i get virtualbox running on my machine,sudo apt-get install virtualbox
install virtualbox on my system,sudo apt-get install virtualbox 
can you set up virtualbox for me,sudo apt-get install virtualbox 
i need virtualbox installed on my computer,sudo apt-get install virtualbox 
please add virtualbox to my ubuntu,sudo apt-get install virtualbox 
how do i get virtualbox running on my machine,sudo apt-get install virtualbox 
i want to start using virtualbox can you install it,sudo apt-get install virtualbox 
install the latest version of virtualbox,sudo apt-get install virtualbox 
download and install virtualbox for me,sudo apt-get install virtualbox 
update virtualbox to the latest version,sudo apt-get upgrade virtualbox 
upgrade my virtualbox installation,sudo apt-get upgrade virtualbox 
check for virtualbox updates and install them,sudo apt-get upgrade virtualbox 
i need the newest version of virtualbox,sudo apt-get upgrade virtualbox 
can you update virtualbox for me,sudo apt-get upgrade virtualbox 
make sure i have the latest virtualbox release,sudo apt-get upgrade virtualbox 
update all virtualbox components,sudo apt-get upgrade virtualbox 
upgrade virtualbox to its latest stable release,sudo apt-get upgrade virtualbox 
remove virtualbox from my system,sudo apt-get remove virtualbox
uninstall virtualbox completely,sudo apt-get remove virtualbox
i want to delete virtualbox,sudo apt-get remove virtualbox
help me remove virtualbox from my computer,sudo apt-get remove virtualbox
how do i uninstall virtualbox,sudo apt-get remove virtualbox
remove all virtualbox components from my system,sudo apt-get remove virtualbox
uninstall virtualbox and clean up related files,sudo apt-get remove virtualbox
completely remove virtualbox from my machine,sudo apt-get remove virtualbox && sudo apt-get autoremove
install wireshark on my system,sudo apt-get install wireshark 
can you set up wireshark for me,sudo apt-get install wireshark 
i need wireshark installed on my computer,sudo apt-get install wireshark 
please add wireshark to my ubuntu,sudo apt-get install wireshark 
how do i get wireshark running on my machine,sudo apt-get install wireshark 
i want to start using wireshark can you install it,sudo apt-get install wireshark 
install the latest version of wireshark,sudo apt-get install wireshark 
download and install wireshark for me,sudo apt-get install wireshark 
update wireshark to the latest version,sudo apt-get upgrade wireshark 
upgrade my wireshark installation,sudo apt-get upgrade wireshark 
check for wireshark updates and install them,sudo apt-get upgrade wireshark 
i need the newest version of wireshark,sudo apt-get upgrade wireshark 
can you update wireshark for me,sudo apt-get upgrade wireshark 
make sure i have the latest wireshark release,sudo apt-get upgrade wireshark 
update all wireshark components,sudo apt-get upgrade wireshark 
upgrade wireshark to its latest stable release,sudo apt-get upgrade wireshark 
remove wireshark from my system,sudo apt-get remove wireshark
uninstall wireshark completely,sudo apt-get remove wireshark
i want to delete wireshark,sudo apt-get remove wireshark
help me remove wireshark from my computer,sudo apt-get remove wireshark
how do i uninstall wireshark,sudo apt-get remove wireshark
remove all wireshark components from my system,sudo apt-get remove wireshark
uninstall wireshark and clean up related files,sudo apt-get remove wireshark
completely remove wireshark from my machine,sudo apt-get remove wireshark
install windscribe vpn on my system,sudo apt-get install windscribe-cli
can you help me set up windscribe,sudo apt-get install windscribe-cli
i need windscribe vpn how do i get it,sudo apt-get install windscribe-cli
download and install windscribe for me,sudo apt-get install windscribe-cli
what's the command to install windscribe vpn,sudo apt-get install windscribe-cli
please add windscribe to my ubuntu system,sudo apt-get install windscribe-cli
i want to use windscribe how do i install it,sudo apt-get install windscribe-cli
install the windscribe application for me,sudo apt-get install windscribe-cli
update windscribe to the latest version,sudo apt-get upgrade windscribe-cli
i need to upgrade windscribe can you help,sudo apt-get upgrade windscribe-cli
how do i update windscribe vpn,sudo apt-get upgrade windscribe-cli
is there a new version of windscribe please update it,sudo apt-get upgrade windscribe-cli
upgrade windscribe to the newest release,sudo apt-get upgrade windscribe-cli
update windscribe to the most recent version,sudo apt-get upgrade windscribe-cli
can you update windscribe for me,sudo apt-get upgrade windscribe-cli
please check for and install any updates for windscribe,sudo apt-get upgrade windscribe-cli
remove windscribe from my system,sudo apt-get remove windscribe-cli
i want to uninstall windscribe,sudo apt-get remove windscribe-cli
how do i delete windscribe vpn,sudo apt-get remove windscribe-cli
uninstall windscribe from my computer,sudo apt-get remove windscribe-cli
i need to get rid of windscribe what's the process,sudo apt-get remove windscribe-cli
uninstall windscribe for me please,sudo apt-get remove windscribe-cli
remove windscribe from my ubuntu installation,sudo apt-get remove windscribe-cli
what's the command to uninstall windscribe,sudo apt-get remove windscribe-cli
install protonvpn on my system,sudo apt-get install protonvpn-cli
can you help me set up protonvpn,sudo apt-get install protonvpn-cli
i need protonvpn how do i get it,sudo apt-get install protonvpn-cli
download and install protonvpn for me,sudo apt-get install protonvpn-cli
what's the command to install protonvpn,sudo apt-get install protonvpn-cli
please add protonvpn to my ubuntu system,sudo apt-get install protonvpn-cli
i want to use protonvpn how do i install it,sudo apt-get install protonvpn-cli
install the protonvpn application for me,sudo apt-get install protonvpn-cli
update protonvpn to the latest version,sudo apt-get upgrade protonvpn-cli
i need to upgrade protonvpn can you help,sudo apt-get upgrade protonvpn-cli
how do i update protonvpn,sudo apt-get upgrade protonvpn-cli
is there a new version of protonvpn please update it,sudo apt-get upgrade protonvpn-cli
upgrade protonvpn to the newest release,sudo apt-get upgrade protonvpn-cli
update protonvpn to the most recent version,sudo apt-get upgrade protonvpn-cli
can you update protonvpn for me,sudo apt-get upgrade protonvpn-cli
please check for and install any updates for protonvpn,sudo apt-get upgrade protonvpn-cli
remove protonvpn from my system,sudo apt-get remove protonvpn-cli
i want to uninstall protonvpn,sudo apt-get remove protonvpn-cli
how do i delete protonvpn,sudo apt-get remove protonvpn-cli
uninstall protonvpn from my computer,sudo apt-get remove protonvpn-cli
uninstall protonvpn for me please,sudo apt-get remove protonvpn-cli
remove protonvpn from my ubuntu installation,sudo apt-get remove protonvpn-cli
what's the command to uninstall protonvpn,sudo apt-get remove protonvpn-cli
i want to remove protonvpn can you guide me through it,sudo apt-get remove protonvpn-cli
install expressvpn on my system,sudo apt-get install expressvpn
can you help me set up expressvpn,sudo apt-get install expressvpn
i need expressvpn how do i get it,sudo apt-get install expressvpn
download and install expressvpn for me,sudo apt-get install expressvpn
what's the command to install expressvpn,sudo apt-get install expressvpn
please add expressvpn to my ubuntu system,sudo apt-get install expressvpn
i want to use expressvpn how do i install it,sudo apt-get install expressvpn
install the expressvpn application for me,sudo apt-get install expressvpn
update expressvpn to the latest version,sudo apt-get upgrade expressvpn
i need to upgrade expressvpn can you help,sudo apt-get upgrade expressvpn
how do i update expressvpn,sudo apt-get upgrade expressvpn
is there a new version of expressvpn please update it,sudo apt-get upgrade expressvpn
upgrade expressvpn to the newest release,sudo apt-get upgrade expressvpn
update expressvpn to the most recent version,sudo apt-get upgrade expressvpn
can you update expressvpn for me,sudo apt-get upgrade expressvpn
please check for and install any updates for expressvpn,sudo apt-get upgrade expressvpn
remove expressvpn from my system,sudo apt-get remove expressvpn
i want to uninstall expressvpn,sudo apt-get remove expressvpn
how do i delete expressvpn,sudo apt-get remove expressvpn
uninstall expressvpn from my computer,sudo apt-get remove expressvpn
can you help me remove expressvpn,sudo apt-get remove expressvpn
uninstall expressvpn for me please,sudo apt-get remove expressvpn
remove expressvpn from my ubuntu installation,sudo apt-get remove expressvpn
what's the command to uninstall expressvpn,sudo apt-get remove expressvpn
